TC ID,UC ID,Family,Plane,Scenario dir,Moat Class,Tier,Primary KPI,Threshold,Detection Source,Test Case
TC-IR-01,UC-IR,F5-AutomationWorkflow,ANALYTICS,scenarios/multi_plane/,AI-Native,MOAT,Triage Automation Rate,>60%,XSIAM Incidents (XQL: dataset=incidents),Validate auto-triage reduces manual alert review by >60% using smart scoring and grouping
TC-IR-02,UC-IR,F1-SignalInjection,ANALYTICS,scenarios/multi_plane/,AI-Native,MOAT,Detection Accuracy,>80%,XSIAM UI + XQL,Demonstrate issue grouping consolidates related alerts into unified incidents
TC-IR-03,UC-IR,F1-SignalInjection,ANALYTICS,scenarios/multi_plane/,AI-Native,MOAT,Detection Accuracy,Qualitative pass,XSIAM UI + XQL,Validate case scoring prioritization against simulated alert volume (1000+ alerts/day)
TC-IR-04,UC-IR,F2-CausalityStitching,ANALYTICS,scenarios/multi_plane/,Table Stakes,PARITY,Cross-Source Correlation Rate,Qualitative pass,XSIAM UI + XQL,Validate analytics detection rules trigger on simulated lateral movement patterns
TC-IR-05,UC-IR,F2-CausalityStitching,ANALYTICS,scenarios/multi_plane/,Platform,MOAT,Cross-Source Correlation Rate,Qualitative pass,XSIAM UI + XQL,Demonstrate correlation-based detections across endpoint + network + identity telemetry
TC-IR-06,UC-IR,F1-SignalInjection,ANALYTICS,scenarios/multi_plane/,Table Stakes,PARITY,False Positive Rate,Qualitative pass,XSIAM UI + XQL,Validate malware auto-containment isolates compromised endpoint within SLA threshold
TC-IR-07,UC-IR,F5-AutomationWorkflow,ANALYTICS,scenarios/multi_plane/,Table Stakes,PARITY,Automation Rate,Qualitative pass,XSIAM UI + XQL,Demonstrate automated eradication and recovery playbook execution end-to-end
TC-IR-08,UC-IR,F1-SignalInjection,ANALYTICS,scenarios/multi_plane/,Platform,MOAT,Detection Accuracy,Qualitative pass,XSIAM UI + XQL,Validate ingestion and normalization of 3+ heterogeneous data sources via Broker VM
TC-IR-02,UC-IR,F1-SignalInjection,ANALYTICS,scenarios/multi_plane/,AI-Native,MOAT,Detection Accuracy,>80%,XSIAM UI + XQL,Demonstrate issue grouping stitches alerts across disparate sources into single incident
TC-IR-09,UC-IR,F5-AutomationWorkflow,ANALYTICS,scenarios/multi_plane/,Table Stakes,PARITY,Automation Rate,Qualitative pass,XSIAM UI + XQL,Validate asset risk scoring adjusts incident priority based on asset criticality
TC-IR-10,UC-IR,F1-SignalInjection,ANALYTICS,scenarios/multi_plane/,Table Stakes,PARITY,MTTD,Qualitative pass,XSIAM UI + XQL,Demonstrate case starring and auto-prioritization workflow for VIP assets
TC-IR-11,UC-IR,F4-PostureCompliance,ANALYTICS,scenarios/multi_plane/,Table Stakes,PARITY,Coverage %,Qualitative pass,XSIAM UI + XQL,Validate auto-enrichment populates incident context without analyst action
TC-IR-12,UC-IR,F1-SignalInjection,ANALYTICS,scenarios/multi_plane/,Table Stakes,PARITY,Detection Accuracy,Qualitative pass,XSIAM UI + XQL,Demonstrate incident synthesis generates executive summary from correlated alert data
TC-TH-01,UC-TH,F1-SignalInjection,ANALYTICS,scenarios/multi_plane/,Platform,MOAT,Detection Accuracy,Qualitative pass,XQL query engine (/public_api/v1/xql/start_xql_query),Validate XQL query execution for hypothesis-driven hunting across full data lake
TC-TH-02,UC-TH,F5-AutomationWorkflow,ANALYTICS,scenarios/multi_plane/,Table Stakes,PARITY,Automation Rate,Qualitative pass,XSIAM UI + XQL,Demonstrate automated hunting via scheduled correlation searches with IOC feeds
TC-TH-03,UC-TH,F2-CausalityStitching,ANALYTICS,scenarios/multi_plane/,Table Stakes,PARITY,Cross-Source Correlation Rate,Qualitative pass,XSIAM UI + XQL,"Validate XDR dataset ingestion of non-security sources (HR, asset mgmt, cloud logs)"
TC-TH-04,UC-TH,F8-IntegrationIngestion,ANALYTICS,scenarios/multi_plane/,Table Stakes,PARITY,Completeness %,Qualitative pass,XSIAM UI + XQL,Demonstrate Security-First Marketplace dataset onboarding for expanded telemetry
TC-TH-05,UC-TH,F1-SignalInjection,ANALYTICS,scenarios/multi_plane/,AI-Native,PARITY,MTTD,Qualitative pass,XSIAM UI + XQL,Validate analytics engine and smart scoring reduce false positives in hunt results by >50%
TC-TH-06,UC-TH,F1-SignalInjection,ANALYTICS,scenarios/multi_plane/,Table Stakes,PARITY,MTTD,Qualitative pass,XSIAM UI + XQL,Validate TI management with scheduled IOC searches and Unit 42 feed integration
TC-TH-07,UC-TH,F8-IntegrationIngestion,ANALYTICS,scenarios/multi_plane/,Table Stakes,PARITY,Completeness %,Qualitative pass,XSIAM UI + XQL,Demonstrate forensics investigation and collection within hunting workflow
TC-EDR-01,UC-EDR,F6-ResponseTiming,EDR,scenarios/edr/,Table Stakes,PARITY,SLA Compliance,Qualitative pass,XSIAM UI + XQL,Validate unified endpoint policy creation across protection profiles (granular process-level)
TC-EDR-02,UC-EDR,F6-ResponseTiming,EDR,scenarios/edr/,Table Stakes,PARITY,SLA Compliance,Qualitative pass,XSIAM UI + XQL,Demonstrate asset-level policy assignment with granular protection profiles
TC-EDR-03,UC-EDR,F1-SignalInjection,EDR,scenarios/edr/,Table Stakes,PARITY,False Positive Rate,Qualitative pass,XSIAM UI + XQL,"Validate multi-method malware detection (local sandbox, behavioral, static analysis)"
TC-EDR-04,UC-EDR,F1-SignalInjection,EDR,scenarios/edr/,Table Stakes,PARITY,False Positive Rate,Qualitative pass,XSIAM UI + XQL,Demonstrate auto-containment triggers on confirmed malware execution
TC-EDR-05,UC-EDR,F2-CausalityStitching,EDR,scenarios/edr/,Platform,PARITY,Causality Chain Completeness,Qualitative pass,XSIAM Causality View (XQL: dataset=xdr_data),Validate causality graph provides full process chain and causality owner attribution
TC-EDR-06,UC-EDR,F1-SignalInjection,EDR,scenarios/edr/,Table Stakes,PARITY,MTTD,Qualitative pass,XSIAM UI + XQL,Demonstrate unified agent management with scheduled upgrades from single console
TC-NDR-01,UC-NDR,F2-CausalityStitching,NDR,scenarios/ndr/,Platform,MOAT,Causality Chain Completeness,Qualitative pass,XSIAM Causality View (XQL: dataset=xdr_data) · NGFW log ingestion via Broker VM,Validate causality graph stitching correlates network events with endpoint process telemetry
TC-NDR-02,UC-NDR,F2-CausalityStitching,NDR,scenarios/ndr/,Ecosystem,MOAT,Causality Chain Completeness,Qualitative pass,XSIAM Causality View (XQL: dataset=xdr_data) · NGFW log ingestion via Broker VM,Demonstrate SOC-specific network story context enriched with endpoint causality
TC-NDR-03,UC-NDR,F1-SignalInjection,NDR,scenarios/ndr/,Ecosystem,MOAT,MTTD,Qualitative pass,XSIAM UI + XQL · NGFW log ingestion via Broker VM,Validate network analytics engine filters traffic noise via EAL
TC-NDR-04,UC-NDR,F1-SignalInjection,NDR,scenarios/ndr/,Ecosystem,MOAT,Detection Accuracy,Qualitative pass,XSIAM UI + XQL · NGFW log ingestion via Broker VM,Demonstrate behavioral analytics thresholds for malicious egress and data exfil detection
TC-NDR-05,UC-NDR,F2-CausalityStitching,NDR,scenarios/ndr/,Ecosystem,MOAT,Cross-Source Correlation Rate,Qualitative pass,XSIAM UI + XQL · NGFW log ingestion via Broker VM,Validate Broker VM normalization of 3rd-party network data into unified schema
TC-NDR-06,UC-NDR,F6-ResponseTiming,NDR,scenarios/ndr/,Ecosystem,MOAT,SLA Compliance,Qualitative pass,XSIAM UI + XQL · NGFW log ingestion via Broker VM,Demonstrate EDL policy management and enforcement
TC-ITDR-01,UC-ITDR,F1-SignalInjection,ITDR,scenarios/itdr/,Table Stakes,LEAD,Detection Accuracy,Qualitative pass,XSIAM UI + XQL,Validate identity analytics detect living-off-the-land credential abuse alerts
TC-ITDR-02,UC-ITDR,F1-SignalInjection,ITDR,scenarios/itdr/,Table Stakes,LEAD,Detection Accuracy,Qualitative pass,XSIAM UI + XQL,Demonstrate impossible traveler detection based on login frequency and geo-analysis
TC-ITDR-03,UC-ITDR,F2-CausalityStitching,ITDR,scenarios/itdr/,Table Stakes,LEAD,Cross-Source Correlation Rate,Qualitative pass,XSIAM UI + XQL,"Validate CIE syncs and correlates AD, Azure AD, and cloud IdPs"
TC-ITDR-04,UC-ITDR,F2-CausalityStitching,ITDR,scenarios/itdr/,Table Stakes,LEAD,Cross-Source Correlation Rate,Qualitative pass,XSIAM UI + XQL,Demonstrate IDP integration with Okta/Entra ID via Marketplace connectors
TC-ITDR-05,UC-ITDR,F5-AutomationWorkflow,ITDR,scenarios/itdr/,Table Stakes,LEAD,Automation Rate,Qualitative pass,XSIAM UI + XQL,Validate host/user risk scoring aggregates identity signals over time
TC-ITDR-06,UC-ITDR,F2-CausalityStitching,ITDR,scenarios/itdr/,Table Stakes,LEAD,Cross-Source Correlation Rate,Qualitative pass,XSIAM UI + XQL,Demonstrate integration of identity sources via CIE and Marketplace for enriched risk context
TC-ERV-01,UC-ERV,F4-PostureCompliance,ANALYTICS,scenarios/multi_plane/,Table Stakes,MOAT,Coverage %,Qualitative pass,XSIAM UI + XQL · Cortex Cloud Posture Dashboard + REST API,"Validate security stack onboarding via BVM, Marketplace, and native connectors"
TC-ERV-02,UC-ERV,F2-CausalityStitching,ANALYTICS,scenarios/multi_plane/,Ecosystem,MOAT,Cross-Source Correlation Rate,Qualitative pass,XSIAM UI + XQL · Cortex Cloud Posture Dashboard + REST API,Demonstrate NGFW/Runtime event stitching into unified incident timeline
TC-ERV-03,UC-ERV,F5-AutomationWorkflow,ANALYTICS,scenarios/multi_plane/,Table Stakes,MOAT,Automation Rate,Qualitative pass,XSIAM UI + XQL · Cortex Cloud Posture Dashboard + REST API,Validate automation integrations (SOAR playbooks) across onboarded security stack
TC-ERV-04,UC-ERV,F4-PostureCompliance,ANALYTICS,scenarios/multi_plane/,Table Stakes,MOAT,Coverage %,Qualitative pass,XSIAM UI + XQL · Cortex Cloud Posture Dashboard + REST API,"Validate unified asset onboarding and multi-cloud visibility (AWS, Azure, GCP)"
TC-ERV-05,UC-ERV,F5-AutomationWorkflow,ANALYTICS,scenarios/multi_plane/,Cloud-Native,MOAT,Automation Rate,Qualitative pass,XSIAM UI + XQL · Cortex Cloud Posture Dashboard + REST API,Demonstrate Code-to-Cloud-to-SOC traceability for cloud-native workloads
TC-ERV-06,UC-ERV,F5-AutomationWorkflow,ANALYTICS,scenarios/multi_plane/,Table Stakes,MOAT,Automation Rate,Qualitative pass,XSIAM UI + XQL · Cortex Cloud Posture Dashboard + REST API,Validate ITDR and Asset Security risk scoring provides cumulative rolling attribution
TC-ERV-07,UC-ERV,F1-SignalInjection,ANALYTICS,scenarios/multi_plane/,Table Stakes,MOAT,MTTD,Qualitative pass,XSIAM UI + XQL · Cortex Cloud Posture Dashboard + REST API,Validate automated reporting generation against compliance frameworks
TC-ERV-08,UC-ERV,F6-ResponseTiming,ANALYTICS,scenarios/multi_plane/,Table Stakes,MOAT,SLA Compliance,Qualitative pass,XSIAM UI + XQL · Cortex Cloud Policies + Alerts view,Demonstrate compliance catalog with custom policy configurability
TC-ASM-01,UC-ASM,F1-SignalInjection,ASM,scenarios/asm/  (proposed),Ecosystem,MOAT,MTTD,Qualitative pass,XSIAM UI + XQL · Xpanse Asset Inventory + Issues,Validate XPANSE asset inventory feeds unmanaged asset data into XSIAM incident context
TC-ASM-02,UC-ASM,F5-AutomationWorkflow,ASM,scenarios/asm/  (proposed),Ecosystem,MOAT,Automation Rate,Qualitative pass,XSIAM UI + XQL · Xpanse Asset Inventory + Issues,Demonstrate external scan results trigger automated remediation workflows
TC-ASM-03,UC-ASM,F2-CausalityStitching,ASM,scenarios/asm/  (proposed),Ecosystem,MOAT,Cross-Source Correlation Rate,Qualitative pass,XSIAM UI + XQL · Xpanse Asset Inventory + Issues,Validate Unit 42 TI integrated into retroactive search protocols against ASM findings
TC-ASM-04,UC-ASM,F3-AssetDiscovery,ASM,scenarios/asm/  (proposed),Ecosystem,MOAT,Asset Discovery Coverage,Qualitative pass,XSIAM UI + XQL · Xpanse Asset Inventory + Issues,Demonstrate TI management scheduled searches against discovered attack surface
TC-SIEM-01,UC-SIEM,F6-ResponseTiming,ANALYTICS,scenarios/multi_plane/,Table Stakes,LEAD,SLA Compliance,Qualitative pass,XSIAM UI + XQL,Validate hot/warm/cold data tiering with search performance SLAs
TC-SIEM-02,UC-SIEM,F1-SignalInjection,ANALYTICS,scenarios/multi_plane/,Table Stakes,LEAD,Detection Accuracy,Qualitative pass,XSIAM UI + XQL,Validate Host Insights module provides vulnerability context enriched into endpoint incidents
TC-SOAR-01,UC-SOAR,F4-PostureCompliance,ANALYTICS,scenarios/multi_plane/,Table Stakes,MOAT,Coverage %,Qualitative pass,XSIAM UI + XQL,"Validate XSOAR playbook automates enrichment, triage, and notification for top 5 alert types"
TC-SOAR-02,UC-SOAR,F5-AutomationWorkflow,ANALYTICS,scenarios/multi_plane/,Table Stakes,MOAT,Automation Rate,Qualitative pass,XSIAM UI + XQL,Demonstrate XSIAM native automation replaces standalone SOAR for common playbooks
TC-SOAR-03,UC-SOAR,F6-ResponseTiming,ANALYTICS,scenarios/multi_plane/,Table Stakes,MOAT,MTTR,Qualitative pass,XSIAM UI + XQL,Validate bidirectional integrations with top 5 customer tools
TC-ITPA-01,UC-ITPA,F5-AutomationWorkflow,ANALYTICS,scenarios/multi_plane/,Table Stakes,MOAT,Automation Rate,Qualitative pass,XSIAM UI + XQL,Demonstrate cross-functional automation between SOC and IT ops (ServiceNow + containment)
TC-TIM-01,UC-TIM,F6-ResponseTiming,TIM,scenarios/tim/  (proposed),Table Stakes,LEAD,MTTR,Qualitative pass,XSIAM UI + XQL,"Validate TIM lifecycle management: ingest, deduplicate, score, expire IOCs across feeds"
TC-TIM-02,UC-TIM,F2-CausalityStitching,TIM,scenarios/tim/  (proposed),AI-Native,MOAT,Cross-Source Correlation Rate,Qualitative pass,XSIAM UI + XQL,Demonstrate automated IOC-to-EDL push for real-time blocking at NGFW
TC-MDR-01,UC-MDR,F4-PostureCompliance,ANALYTICS,scenarios/multi_plane/,Table Stakes,PARITY,Coverage %,Qualitative pass,XSIAM UI + XQL,Validate Unit 42 MDR provides continuous monitoring with defined escalation SLAs
TC-MDR-02,UC-MDR,F5-AutomationWorkflow,ANALYTICS,scenarios/multi_plane/,Table Stakes,PARITY,Automation Rate,Qualitative pass,XSIAM UI + XQL,Demonstrate Unit 42 MDR investigation and response on simulated incident
TC-MSIAM-01,UC-MSIAM,F8-IntegrationIngestion,ANALYTICS,scenarios/multi_plane/,Table Stakes,MOAT,Completeness %,Qualitative pass,XSIAM UI + XQL,"Validate MSIAM service onboards, tunes, and operates XSIAM to defined operational metrics"
TC-MTH-01,UC-MTH,F5-AutomationWorkflow,ANALYTICS,scenarios/multi_plane/,Ecosystem,MOAT,Automation Rate,Qualitative pass,XQL query engine (/public_api/v1/xql/start_xql_query),Validate Unit 42 MTH delivers proactive hunt reports with actionable findings on cadence
TC-CDR-01,UC-CDR,F1-SignalInjection,CDR,scenarios/cdr/,Cloud-Native,LEAD,MTTD,Qualitative pass,XSIAM UI + XQL · Cortex Cloud Runtime Alerts + /api/v1/alerts,Validate runtime threat detection for containers and serverless workloads
TC-CDR-02,UC-CDR,F2-CausalityStitching,CDR,scenarios/cdr/,Platform,LEAD,Cross-Source Correlation Rate,Qualitative pass,XSIAM UI + XQL · Cortex Cloud Posture Dashboard + REST API,Demonstrate cloud alert correlation with endpoint/network telemetry in unified incident
TC-CDR-03,UC-CDR,F6-ResponseTiming,CDR,scenarios/cdr/,Table Stakes,LEAD,SLA Compliance,Qualitative pass,XSIAM UI + XQL · Cortex Cloud Policies + Alerts view,Validate CSPM policy scanning detects misconfigurations across multi-cloud accounts
TC-CDR-04,UC-CDR,F2-CausalityStitching,CDR,scenarios/cdr/,Table Stakes,LEAD,Cross-Source Correlation Rate,Qualitative pass,XSIAM UI + XQL · Cortex Cloud Posture Dashboard + REST API,Validate CIEM identifies over-permissioned cloud identities and recommends least-privilege
TC-CDR-05,UC-CDR,F4-PostureCompliance,CDR,scenarios/cdr/,Table Stakes,LEAD,Coverage %,Qualitative pass,XSIAM UI + XQL · Cortex Cloud Posture Dashboard + REST API,Demonstrate agentless scanning and protection for workloads where agent deployment is infeasible
TC-SOT-01,UC-SOT,F1-SignalInjection,ANALYTICS,scenarios/multi_plane/,Table Stakes,MOAT,False Positive Rate,Qualitative pass,XSIAM UI + XQL,"Validate customer alerting strategy alignment: rule tuning, threshold config, escalation paths"
TC-SOT-02,UC-SOT,F5-AutomationWorkflow,ANALYTICS,scenarios/multi_plane/,AI-Native,MOAT,Triage Automation Rate,>60%,XSIAM Incidents (XQL: dataset=incidents),Demonstrate triage-as-validation workflow with auto-triage and analyst override
TC-SOT-03,UC-SOT,F4-PostureCompliance,ANALYTICS,scenarios/multi_plane/,Ecosystem,MOAT,Coverage %,Qualitative pass,XSIAM UI + XQL,Demonstrate lifecycle management: detection tuning → enrichment → response → feedback loop
TC-BYOML-01,UC-BYOML,F1-SignalInjection,ANALYTICS,scenarios/multi_plane/,Table Stakes,MOAT,MTTD,Qualitative pass,XSIAM UI + XQL,Validate BYOML model deployment for custom anomaly detection on customer-specific data
TC-BYOML-02,UC-BYOML,F2-CausalityStitching,ANALYTICS,scenarios/multi_plane/,Table Stakes,MOAT,Cross-Source Correlation Rate,Qualitative pass,XSIAM UI + XQL,Demonstrate datamodel customization for industry-specific correlation rules
TC-0058,UC-007,F1-SignalInjection,ANALYTICS,scenarios/multi_plane/,Table Stakes,PARITY,False Positive Rate,<2%,XSIAM UI + XQL,"Validate DLP detects sensitive data (PII/PCI/PHI) exfiltration attempts across email, web upload, and USB channels in re"
TC-0059,UC-007,F2-CausalityStitching,ANALYTICS,scenarios/multi_plane/,Table Stakes,PARITY,Cross-Source Correlation Rate,within 5 min,XSIAM UI + XQL,Demonstrate cross-channel correlation identifies coordinated data staging across endpoint and network
TC-0060,UC-007,F8-IntegrationIngestion,ANALYTICS,scenarios/multi_plane/,Table Stakes,PARITY,Policy deployment time,within 15 min,XSIAM UI + XQL,"Validate DLP policy creation and enforcement across endpoint, network, and SaaS data channels from unified console"
TC-0061,UC-007,F1-SignalInjection,ANALYTICS,scenarios/multi_plane/,Table Stakes,PARITY,False Positive Rate,40%,XSIAM UI + XQL,Demonstrate policy tuning workflow reduces false positives by iterating on detection patterns with analyst feedback loop
TC-0062,UC-007,F6-ResponseTiming,ANALYTICS,scenarios/multi_plane/,Table Stakes,PARITY,Behavioral detection latency,within 24 hours,XSIAM UI + XQL,Validate behavioral analytics detect anomalous data access patterns indicative of insider threat pre-exfiltration
TC-0063,UC-007,F6-ResponseTiming,ANALYTICS,scenarios/multi_plane/,Table Stakes,PARITY,Enrichment time,within 2 min,XSIAM UI + XQL,Demonstrate DLP integration with UEBA provides enriched insider risk timeline for investigation
TC-0064,UC-007,F4-PostureCompliance,ANALYTICS,scenarios/multi_plane/,Table Stakes,PARITY,Compliance Score,100%,XSIAM UI + XQL,"Validate DLP enforces regulatory compliance controls for PCI-DSS, HIPAA, and GDPR data classification and handling requi"
TC-0065,UC-007,F4-PostureCompliance,ANALYTICS,scenarios/multi_plane/,Table Stakes,PARITY,Compliance Score,<5 minutes,XSIAM UI + XQL,Demonstrate automated compliance reporting with data flow mapping across regulated environments
TC-0066,UC-007,F8-IntegrationIngestion,ANALYTICS,scenarios/multi_plane/,Table Stakes,PARITY,Completeness %,within 30 sec,XSIAM UI + XQL,Validate DLP incidents auto-create XSIAM cases with full context and recommended remediation playbooks
TC-0067,UC-007,F5-AutomationWorkflow,ANALYTICS,scenarios/multi_plane/,Table Stakes,PARITY,Automation Rate,within 15 min,XSIAM Incidents (XQL: dataset=incidents),Demonstrate AgentiX automated DLP incident remediation with user notification and manager escalation workflow
TC-0068,UC-007,F3-AssetDiscovery,ANALYTICS,scenarios/multi_plane/,Table Stakes,PARITY,SaaS coverage %,100%,XSIAM UI + XQL,Validate DLP monitors and controls sensitive data movement across sanctioned and unsanctioned SaaS applications
TC-0058,UC-007,F1-SignalInjection,ANALYTICS,scenarios/multi_plane/,Table Stakes,PARITY,False Positive Rate,<1%,XSIAM UI + XQL,"Validate AI-driven phishing detection identifies credential harvesting, brand impersonation, and zero-day phishing URLs "
TC-0059,UC-007,F2-CausalityStitching,ANALYTICS,scenarios/multi_plane/,Table Stakes,PARITY,Cross-Source Correlation Rate,within 3 min,XSIAM UI + XQL,Demonstrate cross-signal correlation links phishing emails to downstream credential compromise and lateral movement indi
TC-0060,UC-007,F1-SignalInjection,ANALYTICS,scenarios/multi_plane/,Table Stakes,PARITY,False Positive Rate,<0.5%,XSIAM UI + XQL,"Validate BEC detection identifies executive impersonation, vendor invoice fraud, and payment redirect attempts using beh"
TC-0061,UC-007,F6-ResponseTiming,ANALYTICS,scenarios/multi_plane/,Table Stakes,PARITY,Response time,within 2 min,XSIAM UI + XQL,"Demonstrate automated BEC response workflow quarantines message, alerts target, and notifies finance/legal within SLA"
TC-0062,UC-007,F8-IntegrationIngestion,ANALYTICS,scenarios/multi_plane/,Table Stakes,PARITY,Completeness %,98%,XSIAM UI + XQL,"Validate detection of malicious attachments including macro-laden documents, encrypted archives with malware, and embedd"
TC-0063,UC-007,F1-SignalInjection,ANALYTICS,scenarios/multi_plane/,Table Stakes,PARITY,URL detection rate,95%,XSIAM UI + XQL,"Demonstrate link-based payload detection identifies malicious URLs, drive-by downloads, and delayed weaponization (links"
TC-0064,UC-007,F10-QualitativeEvidence,ANALYTICS,scenarios/multi_plane/,Table Stakes,PARITY,Outcome Achieved,100%,XSIAM UI + XQL,"Validate detection of sensitive data exfiltration via email including auto-forwarding rules, BCC to personal accounts, a"
TC-0065,UC-007,F5-AutomationWorkflow,ANALYTICS,scenarios/multi_plane/,Table Stakes,PARITY,Automation Rate,<5 minutes,XSIAM UI + XQL,Validate AgentiX Email Investigation Agent performs full-spectrum email analysis from detection through containment acro
TC-0066,UC-007,F5-AutomationWorkflow,ANALYTICS,scenarios/multi_plane/,Table Stakes,PARITY,Automation Rate,95%,XSIAM UI + XQL,Demonstrate user-reported phishing workflow with automated analysis and feedback loop to reduce repeat reporting of know
TC-0058,UC-007,F6-ResponseTiming,ANALYTICS,scenarios/multi_plane/,Table Stakes,PARITY,MTTR,<10 minutes,XSIAM Incidents (XQL: dataset=incidents),"Validate AgentiX autonomously selects, chains, and executes multi-step playbooks across 1,100+ integrations based on inc"
TC-0059,UC-007,F8-IntegrationIngestion,ANALYTICS,scenarios/multi_plane/,Table Stakes,PARITY,Completeness %,Qualitative pass,XSIAM UI + XQL,"Demonstrate playbook versioning, rollback, and audit trail for governance compliance"
TC-0060,UC-007,F2-CausalityStitching,ANALYTICS,scenarios/multi_plane/,Table Stakes,PARITY,Cross-Source Correlation Rate,90%,XSIAM UI + XQL,"Validate AgentiX AI-driven triage auto-classifies, prioritizes, and enriches incidents using contextual understanding ra"
TC-0061,UC-007,F1-SignalInjection,ANALYTICS,scenarios/multi_plane/,Table Stakes,PARITY,Detection Accuracy,95%,XSIAM UI + XQL,"Demonstrate Threat Intelligence Agent auto-enriches IOCs with multi-source TI, related campaigns, and adversary TTP mapp"
TC-0062,UC-007,F6-ResponseTiming,ANALYTICS,scenarios/multi_plane/,Table Stakes,PARITY,Cross-domain response time,within 5 min,XSIAM UI + XQL,"Validate AgentiX coordinates response actions across endpoint, network, identity, cloud, and email domains in a single a"
TC-0063,UC-007,F8-IntegrationIngestion,ANALYTICS,scenarios/multi_plane/,Table Stakes,PARITY,Completeness %,<2 minutes,XSIAM UI + XQL,Demonstrate Endpoint Investigation Agent delivers rapid forensics collection and containment across multi-vendor EDR env
TC-0064,UC-007,F8-IntegrationIngestion,ANALYTICS,scenarios/multi_plane/,Table Stakes,PARITY,Completeness %,<5 minutes,XSIAM UI + XQL,Validate enterprise-grade guardrails prevent AI agents from executing unauthorized or high-risk actions without human ap
TC-0065,UC-007,F9-CodeToCloudTraceability,ANALYTICS,scenarios/multi_plane/,Table Stakes,PARITY,Traceability Chain Completeness,100%,XSIAM UI + XQL,Demonstrate comprehensive agent activity audit with decision transparency and regulatory compliance reporting
TC-0066,UC-007,F1-SignalInjection,ANALYTICS,scenarios/multi_plane/,Platform,PARITY,Detection Accuracy,<2 minutes,XSIAM Causality View (XQL: dataset=xdr_data),"Validate natural language investigation assistant enables analysts to query across data lake, build timelines, and gener"
TC-0067,UC-007,F7-AITriageQuality,ANALYTICS,scenarios/multi_plane/,AI-Native,PARITY,Investigation quality score,80%,XSIAM UI + XQL,Demonstrate Copilot assists junior analysts in performing senior-level investigations by providing guided investigation 
TC-0068,UC-007,F3-AssetDiscovery,ANALYTICS,scenarios/multi_plane/,Table Stakes,PARITY,Asset Discovery Coverage,within 30 min,XSIAM UI + XQL,Validate Model Context Protocol (MCP) support enables AgentiX to integrate with custom and third-party AI tools without 
TC-0069,UC-007,F4-PostureCompliance,ANALYTICS,scenarios/multi_plane/,Table Stakes,PARITY,Compliance Score,within 4 hours,XSIAM UI + XQL,Demonstrate extensible agent framework allows customers to build custom security agents using AgentiX SDK and existing p
TC-0058,UC-007,F1-SignalInjection,CSPM,scenarios/cspm/  (proposed),Table Stakes,PARITY,False Positive Rate,<3%,Cortex Cloud Runtime Alerts + /api/v1/alerts,"Validate deep architectural analysis detects data poisoning, backdoors, and malicious code hidden within model layers th"
TC-0059,UC-007,F4-PostureCompliance,CSPM,scenarios/cspm/  (proposed),Table Stakes,PARITY,Compliance Score,100%,Cortex Cloud Policies + Alerts view,Demonstrate AI Software Bill of Materials (AI SBOM) generation providing complete model provenance including architectur
TC-0060,UC-007,F3-AssetDiscovery,CSPM,scenarios/cspm/  (proposed),Table Stakes,PARITY,Asset Discovery Coverage,100%,Cortex Cloud Inventory (/api/v1/inventory),Validate discovery and inventory of all AI agents in use—sanctioned and shadow—across the enterprise environment
TC-0061,UC-007,F5-AutomationWorkflow,CSPM,scenarios/cspm/  (proposed),Table Stakes,PARITY,Remediation Success Rate,100%,Cortex Cloud Policies + Alerts view,Demonstrate AI governance policy enforcement prevents non-compliant AI agents from accessing sensitive data or executing
TC-0062,UC-007,F5-AutomationWorkflow,CSPM,scenarios/cspm/  (proposed),Table Stakes,PARITY,Remediation Success Rate,90%,Cortex Cloud Posture Dashboard + REST API,Validate continuous autonomous red teaming with 500+ attack types identifies AI-specific vulnerabilities in production m
TC-0063,UC-007,F4-PostureCompliance,CSPM,scenarios/cspm/  (proposed),Table Stakes,PARITY,Pipeline gate accuracy,within 15 min,Cortex Cloud Posture Dashboard + REST API,Demonstrate AI red team integration with CI/CD pipeline provides automated security validation before model deployment
TC-0064,UC-007,F1-SignalInjection,CSPM,scenarios/cspm/  (proposed),Table Stakes,PARITY,False Positive Rate,<0.5%,Cortex Cloud Runtime Alerts + /api/v1/alerts,"Validate real-time detection and blocking of prompt injection, jailbreak attempts, and malicious agent behaviors in prod"
TC-0065,UC-007,F6-ResponseTiming,CSPM,scenarios/cspm/  (proposed),Cloud-Native,PARITY,Drift detection latency,<5%,Cortex Cloud Runtime Alerts + /api/v1/alerts,Demonstrate AI runtime monitoring detects anomalous model behavior indicating compromise or drift from expected operatio
TC-0066,UC-007,F8-IntegrationIngestion,CSPM,scenarios/cspm/  (proposed),Cloud-Native,PARITY,Completeness %,100%,Cortex Cloud Posture Dashboard + REST API,"Validate protection of AI training data pipelines against data poisoning, unauthorized access, and supply chain compromi"
TC-0067,UC-007,F8-IntegrationIngestion,CSPM,scenarios/cspm/  (proposed),Table Stakes,PARITY,Completeness %,Qualitative pass,Cortex Cloud Posture Dashboard + REST API,Demonstrate RAG (Retrieval Augmented Generation) knowledge base security prevents sensitive data leakage and unauthorize
TC-0058,UC-007,F1-SignalInjection,ANALYTICS,scenarios/multi_plane/,Platform,PARITY,Detection Accuracy,95%,XQL query engine (/public_api/v1/xql/start_xql_query),"Validate XDL ingests and normalizes telemetry from 1,100+ integrations at petabyte scale with consistent schema mapping"
TC-0059,UC-007,F5-AutomationWorkflow,ANALYTICS,scenarios/multi_plane/,Table Stakes,PARITY,Volume reduction %,30%,XSIAM UI + XQL,Demonstrate Chronosphere Telemetry Pipeline filters low-value noise to reduce data volumes by 30%+ while preserving secu
TC-0060,UC-007,F4-PostureCompliance,ANALYTICS,scenarios/multi_plane/,Table Stakes,PARITY,Compliance Score,40%,XSIAM UI + XQL,Validate cost-efficient data lake tiers automatically route data based on access frequency and investigation relevance
TC-0061,UC-007,F4-PostureCompliance,ANALYTICS,scenarios/multi_plane/,Table Stakes,PARITY,Compliance Score,<60 second,XQL query engine (/public_api/v1/xql/start_xql_query),"Validate flexible long-term retention supports 1-7 year compliance requirements (PCI-DSS, HIPAA, SOX) with full query ca"
TC-0062,UC-007,F2-CausalityStitching,ANALYTICS,scenarios/multi_plane/,Platform,PARITY,Cross-Source Correlation Rate,within 15 min,XSIAM UI + XQL,Demonstrate forensic investigation across retained data sets supports incident reconstruction with full cross-source cor
TC-0063,UC-007,F2-CausalityStitching,ANALYTICS,scenarios/multi_plane/,Platform,PARITY,Cross-Source Correlation Rate,within 30 sec,XQL query engine (/public_api/v1/xql/start_xql_query),Validate federated search queries distributed data sources without additional ingestion or storage costs
TC-0064,UC-007,F3-AssetDiscovery,ANALYTICS,scenarios/multi_plane/,Table Stakes,PARITY,Discovery Latency,<2x,XSIAM UI + XQL,Demonstrate federated search enables cost-effective investigation of data that would be prohibitively expensive to fully
TC-0065,UC-007,F3-AssetDiscovery,ANALYTICS,scenarios/multi_plane/,Table Stakes,PARITY,Discovery Latency,within 2 min,XSIAM UI + XQL,Validate Chronosphere observability integration enables security teams to correlate application performance anomalies wi
TC-0066,UC-007,F8-IntegrationIngestion,ANALYTICS,scenarios/multi_plane/,Table Stakes,PARITY,Completeness %,50%,XSIAM Incidents (XQL: dataset=incidents),Demonstrate unified security-observability dashboard enables joint SecOps/DevOps investigation reducing cross-team escal
TC-PSER-01,UC-PSER,F1-SignalInjection,CSPM,scenarios/cspm/  (proposed),Cloud-Native,LEAD,MTTD,within 30 min,Cortex Cloud Posture Dashboard + REST API,"Validate Multi-Cloud Onboarding Verification — AWS, Azure, GCP accounts onboarded via Terraform/CloudFormation templates"
TC-PSER-02,UC-PSER,F4-PostureCompliance,CSPM,scenarios/cspm/  (proposed),Table Stakes,LEAD,Compliance Score,Qualitative pass,Cortex Cloud Posture Dashboard + REST API,Validate Dashboard & Reporting Accuracy — Executive dashboard reflects accurate posture score across all onboarded accou
TC-CSPM-01,UC-CSPM,F3-AssetDiscovery,CSPM,scenarios/cspm/  (proposed),Table Stakes,LEAD,Asset Discovery Coverage,within 15 min,Cortex Cloud Inventory (/api/v1/inventory),Validate Cloud Asset Discovery & Inventory — All cloud assets discovered across connected accounts with accurate metadat
TC-CSPM-02,UC-CSPM,F5-AutomationWorkflow,CSPM,scenarios/cspm/  (proposed),Table Stakes,LEAD,Remediation Success Rate,Qualitative pass,Cortex Cloud Policies + Alerts view,"Validate Security Policy Enforcement — OOTB policies (CIS, NIST, SOC2) evaluate correctly against target resources"
TC-CSPM-03,UC-CSPM,F5-AutomationWorkflow,CSPM,scenarios/cspm/  (proposed),Table Stakes,LEAD,Triage Automation Rate,Qualitative pass,Cortex Cloud Posture Dashboard + REST API,Validate Issue Triage & Case Management — Security findings surface as prioritized Cases with accurate severity scoring
TC-CSPM-04,UC-CSPM,F1-SignalInjection,CSPM,scenarios/cspm/  (proposed),Table Stakes,LEAD,MTTD,Qualitative pass,Cortex Cloud Posture Dashboard + REST API,"Validate Posture Assessment & Management — Posture assessment covers all connected resources across CSPM, CWPP, CIEM, an"
TC-CSPM-05,UC-CSPM,F3-AssetDiscovery,CSPM,scenarios/cspm/  (proposed),Table Stakes,LEAD,Asset Discovery Coverage,>95%,Cortex Cloud Posture Dashboard + REST API,Validate Agentless Scanning Coverage — vulnerability + compliance findings match agent-based baselines within 5% varianc
TC-CVM-01,UC-CVM,F1-SignalInjection,CSPM,scenarios/cspm/  (proposed),Table Stakes,LEAD,MTTD,Qualitative pass,XSIAM UI + XQL · Cortex Cloud Runtime Alerts + /api/v1/alerts,"Validate Workload Vulnerability Detection — Known CVEs detected across VMs, containers, and serverless with accurate CVS"
TC-CVM-02,UC-CVM,F5-AutomationWorkflow,CSPM,scenarios/cspm/  (proposed),Table Stakes,LEAD,Remediation Success Rate,Qualitative pass,XSIAM UI + XQL · Cortex Cloud Posture Dashboard + REST API,"Validate Vulnerability Intelligence Enrichment — Findings enriched with Unit 42 exploit intelligence, CISA KEV status, a"
TC-CVM-03,UC-CVM,F2-CausalityStitching,CSPM,scenarios/cspm/  (proposed),Table Stakes,LEAD,Cross-Source Correlation Rate,Qualitative pass,XSIAM UI + XQL · Cortex Cloud Posture Dashboard + REST API,Demonstrate Internet Exposure Correlation — Internet-facing vulnerable assets identified by correlating vulnerability fi
TC-CCMP-01,UC-CCMP,F4-PostureCompliance,CSPM,scenarios/cspm/  (proposed),Cloud-Native,LEAD,Compliance Score,Qualitative pass,Cortex Cloud Policies + Alerts view,Validate Scheduled Compliance Reporting — Scheduled compliance reports generate on defined cadence (daily/weekly/monthly
TC-CCMP-02,UC-CCMP,F4-PostureCompliance,CSPM,scenarios/cspm/  (proposed),Table Stakes,LEAD,Coverage %,Qualitative pass,Cortex Cloud Policies + Alerts view,Validate Compliance Dashboard Accuracy — Dashboard reflects accurate control coverage per standard
TC-CCMP-03,UC-CCMP,F4-PostureCompliance,CSPM,scenarios/cspm/  (proposed),Table Stakes,LEAD,Coverage %,Qualitative pass,Cortex Cloud Policies + Alerts view,"Validate OOTB Compliance Standards Coverage — All target standards (CIS, NIST 800-53, SOC2, PCI-DSS, HIPAA, GDPR) availa"
TC-CCMP-04,UC-CCMP,F4-PostureCompliance,CSPM,scenarios/cspm/  (proposed),Table Stakes,LEAD,Compliance Score,Qualitative pass,Cortex Cloud Policies + Alerts view,Validate Custom Compliance Framework — Custom compliance standards created with organization-specific controls
TC-CRPS-01,UC-CRPS,F1-SignalInjection,CSPM,scenarios/cspm/  (proposed),Table Stakes,MOAT,MTTD,Qualitative pass,Cortex Cloud Posture Dashboard + REST API,"Validate Graph Search Visualization — Graph Search returns accurate asset relationships, attack paths, and finding inter"
TC-CRPS-02,UC-CRPS,F1-SignalInjection,CSPM,scenarios/cspm/  (proposed),Table Stakes,MOAT,MTTD,Qualitative pass,Cortex Cloud Posture Dashboard + REST API,"Validate Risk Scoring Model Validation — Risk scores combine multiple signals (exploit context, exposure, blast radius, "
TC-CRPS-03,UC-CRPS,F1-SignalInjection,CSPM,scenarios/cspm/  (proposed),Table Stakes,MOAT,MTTD,Qualitative pass,Cortex Cloud Inventory (/api/v1/inventory),"Validate Asset Group Risk Aggregation — Asset groups correctly segment resources by business unit, environment, or custo"
TC-CRWA-01,UC-CRWA,F1-SignalInjection,CSPM,scenarios/cspm/  (proposed),Table Stakes,LEAD,Detection Accuracy,Qualitative pass,Cortex Cloud Posture Dashboard + REST API,"Validate Remediation Guidance Accuracy — Remediation guidance includes cloud provider-specific CLI commands, IaC fixes ("
TC-CRWA-02,UC-CRWA,F5-AutomationWorkflow,CSPM,scenarios/cspm/  (proposed),Table Stakes,LEAD,Automation Rate,Qualitative pass,Cortex Cloud Posture Dashboard + REST API,Validate Playbook Automation Execution — execution audit trail captures all actions
TC-CRWA-03,UC-CRWA,F5-AutomationWorkflow,CSPM,scenarios/cspm/  (proposed),Table Stakes,LEAD,Automation Rate,Qualitative pass,Cortex Cloud Posture Dashboard + REST API,Validate Scripted Remediation Execution — Custom remediation scripts execute correctly against target resources via Cort
TC-CRWA-04,UC-CRWA,F5-AutomationWorkflow,CSPM,scenarios/cspm/  (proposed),Cloud-Native,LEAD,Automation Rate,Qualitative pass,Cortex Cloud Posture Dashboard + REST API,Validate Auto-Remediation Reliability — Automated remediation resolves target misconfigurations without human interventi
TC-CRWA-05,UC-CRWA,F5-AutomationWorkflow,CSPM,scenarios/cspm/  (proposed),Table Stakes,LEAD,Remediation Success Rate,Qualitative pass,Cortex Cloud Posture Dashboard + REST API,Demonstrate Ticketing Integration Sync — Bidirectional sync with Jira/ServiceNow creates tickets from findings with full
TC-KSPM-01,UC-KSPM,F3-AssetDiscovery,CSPM,scenarios/cspm/  (proposed),Cloud-Native,LEAD,Asset Discovery Coverage,Qualitative pass,Cortex Cloud Inventory (/api/v1/inventory),"Validate Kubernetes Asset Discovery — All cluster resources (pods, services, deployments, namespaces, RBAC) discovered w"
TC-KSPM-02,UC-KSPM,F5-AutomationWorkflow,CSPM,scenarios/cspm/  (proposed),Cloud-Native,LEAD,Remediation Success Rate,Qualitative pass,Cortex Cloud Posture Dashboard + REST API,Validate Kubernetes Dashboard & CIS Benchmarks — KSPM dashboard reflects accurate cluster posture against CIS Kubernetes
TC-KSPM-03,UC-KSPM,F1-SignalInjection,CSPM,scenarios/cspm/  (proposed),Cloud-Native,LEAD,MTTD,Qualitative pass,Cortex Cloud Posture Dashboard + REST API,Validate Admission Controller Enforcement — Admission controller blocks non-compliant workloads at deploy time
TC-CIEM-01,UC-CIEM,F1-SignalInjection,CSPM,scenarios/cspm/  (proposed),Table Stakes,LEAD,MTTD,Qualitative pass,Cortex Cloud Posture Dashboard + REST API,"Validate Net-Effective Permission Analysis — Net-effective permissions calculated across IAM policies, resource policies"
TC-CIEM-02,UC-CIEM,F1-SignalInjection,CSPM,scenarios/cspm/  (proposed),Table Stakes,LEAD,MTTD,Qualitative pass,Cortex Cloud Posture Dashboard + REST API,"Validate Identity Risk Dashboard — Dashboard reflects accurate entitlement state across AWS, Azure, GCP"
TC-CIEM-03,UC-CIEM,F1-SignalInjection,CSPM,scenarios/cspm/  (proposed),Table Stakes,LEAD,MTTD,Qualitative pass,Cortex Cloud Runtime Alerts + /api/v1/alerts,"Validate Privileged Permission Detection — Privilege escalation paths identified (iam:PassRole, sts:AssumeRole chains)"
TC-CIEM-04,UC-CIEM,F6-ResponseTiming,CSPM,scenarios/cspm/  (proposed),Table Stakes,LEAD,SLA Compliance,<1hr,Cortex Cloud Posture Dashboard + REST API,Validate Identity Provider Sync — sync cadence meets freshness SLA (<1hr)
TC-CASM-01,UC-CASM,F3-AssetDiscovery,ASM,scenarios/asm/  (proposed),Ecosystem,MOAT,Asset Discovery Coverage,Qualitative pass,Cortex Cloud Inventory (/api/v1/inventory) · Xpanse Asset Inventory + Issues,Validate External Attack Surface Discovery — discovery covers all registered IP ranges and domains
TC-CASM-02,UC-CASM,F3-AssetDiscovery,ASM,scenarios/asm/  (proposed),Ecosystem,MOAT,Asset Discovery Coverage,Qualitative pass,Cortex Cloud Posture Dashboard + REST API · Xpanse Asset Inventory + Issues,Validate Service & Port Identification — Running services and open ports correctly identified with version detection
TC-CASM-03,UC-CASM,F1-SignalInjection,ASM,scenarios/asm/  (proposed),Ecosystem,MOAT,MTTD,Qualitative pass,Cortex Cloud Posture Dashboard + REST API · Xpanse Asset Inventory + Issues,"Validate Internet Exposure Risk Scoring — Exposure risk scored combining service type, vulnerability status, data sensit"
TC-DSPM-01,UC-DSPM,F3-AssetDiscovery,CSPM,scenarios/cspm/  (proposed),Table Stakes,LEAD,Asset Discovery Coverage,Qualitative pass,Cortex Cloud Inventory (/api/v1/inventory),"Validate Data Asset Discovery — Data stores (S3, RDS, DynamoDB, BigQuery, Cosmos DB) discovered across multi-cloud"
TC-DSPM-02,UC-DSPM,F1-SignalInjection,CSPM,scenarios/cspm/  (proposed),Table Stakes,LEAD,False Positive Rate,<5%,Cortex Cloud Posture Dashboard + REST API,Validate Data Classification Accuracy — false positive rate <5% on test dataset with known labels
TC-DSPM-03,UC-DSPM,F1-SignalInjection,CSPM,scenarios/cspm/  (proposed),Table Stakes,LEAD,MTTD,Qualitative pass,Cortex Cloud Posture Dashboard + REST API,"Validate Data Risk & Exposure Analysis — Data exposure paths identified (public access, overly broad IAM, cross-account "
TC-DSPM-04,UC-DSPM,F1-SignalInjection,CSPM,scenarios/cspm/  (proposed),Cloud-Native,LEAD,MTTD,Qualitative pass,Cortex Cloud Runtime Alerts + /api/v1/alerts,Validate Data Detection & Response (DDR) — Anomalous data access patterns detected in near-real-time
TC-ASPM-01,UC-ASPM,F8-IntegrationIngestion,CSPM,scenarios/cspm/  (proposed),Cloud-Native,MOAT,Completeness %,Qualitative pass,ASPM Command Center (/api/v1/asoc/findings),Validate Code-to-Cloud Traceability — traceability chain complete from git commit → image → deployment → runtime
TC-SAST-01,UC-SAST,F1-SignalInjection,CSPM,scenarios/cspm/  (proposed),Table Stakes,MOAT,MTTD,Qualitative pass,Cortex Cloud Posture Dashboard + REST API,Validate Third-Party SAST Ingestion — unified priority view across all scanners
TC-ASPM-03,UC-ASPM,F1-SignalInjection,CSPM,scenarios/cspm/  (proposed),Table Stakes,MOAT,MTTD,Qualitative pass,ASPM Command Center (/api/v1/asoc/findings),"Validate Application-Centric Risk View — Per-application risk aggregation combines code, IaC, image, runtime, and DSPM f"
TC-ASPM-04,UC-ASPM,F5-AutomationWorkflow,CSPM,scenarios/cspm/  (proposed),Table Stakes,MOAT,Automation Rate,Qualitative pass,ASPM Command Center (/api/v1/asoc/findings),Validate AppSec Operationalization — AppSec policies enforced across CI/CD (block builds with Critical findings)
TC-AISP-01,UC-AISP,F3-AssetDiscovery,AI_SPM,scenarios/ai_spm/  (proposed),Cloud-Native,MOAT,Asset Discovery Coverage,Qualitative pass,Cortex Cloud Inventory (/api/v1/inventory),"Validate AI Asset Discovery & Inventory — AI/ML resources (SageMaker endpoints, Bedrock models, Vertex AI, OpenAI integr"
TC-AISP-02,UC-AISP,F1-SignalInjection,AI_SPM,scenarios/ai_spm/  (proposed),Table Stakes,MOAT,MTTD,Qualitative pass,Cortex Cloud Posture Dashboard + REST API,"Validate AI Model Security Assessment — AI models assessed for security risks: data poisoning vectors, model extraction "
TC-AISP-03,UC-AISP,F3-AssetDiscovery,AI_SPM,scenarios/ai_spm/  (proposed),Cloud-Native,MOAT,Asset Discovery Coverage,Qualitative pass,Cortex Cloud Posture Dashboard + REST API,Validate AI Ecosystem & Supply Chain Risk — Third-party AI model dependencies and plugins inventoried
TC-AISP-04,UC-AISP,F1-SignalInjection,AI_SPM,scenarios/ai_spm/  (proposed),Table Stakes,MOAT,MTTD,Qualitative pass,Cortex Cloud Posture Dashboard + REST API,"Validate AI Static Risk Analysis — AI-specific static analysis identifies: hardcoded API keys in ML pipelines, insecure "
TC-AISP-05,UC-AISP,F1-SignalInjection,AI_SPM,scenarios/ai_spm/  (proposed),Table Stakes,MOAT,MTTD,Qualitative pass,Cortex Cloud Posture Dashboard + REST API,Validate AI Sensitive Data Classification — Training data stores scanned for sensitive data (PII/PHI/PCI in training set
TC-AISP-06,UC-AISP,F3-AssetDiscovery,AI_SPM,scenarios/ai_spm/  (proposed),Table Stakes,MOAT,Asset Discovery Coverage,Qualitative pass,Cortex Cloud Posture Dashboard + REST API,Validate AI Security Dashboard & Posture — AI-SPM dashboard shows aggregate AI security posture across all discovered AI
TC-SCS-01,UC-SCS,F3-AssetDiscovery,CSPM,scenarios/cspm/  (proposed),Table Stakes,LEAD,Asset Discovery Coverage,Qualitative pass,Cortex Cloud Inventory (/api/v1/inventory),"Validate CI/CD Asset Discovery — VCS repositories, CI/CD pipelines, container registries, and build systems discovered w"
TC-SCS-02,UC-SCS,F4-PostureCompliance,CSPM,scenarios/cspm/  (proposed),Cloud-Native,LEAD,Compliance Score,Qualitative pass,Cortex Cloud Policies + Alerts view,"Validate Supply Chain Compliance Assessment — CI/CD pipelines evaluated against supply chain security standards (SLSA, S"
TC-SCS-03,UC-SCS,F3-AssetDiscovery,CSPM,scenarios/cspm/  (proposed),Cloud-Native,LEAD,Asset Discovery Coverage,Qualitative pass,Cortex Cloud Inventory (/api/v1/inventory),Validate Supply Chain Inventory & SBOM — Complete software bill of materials (SBOM) generated for containerized applicat
TC-SCS-04,UC-SCS,F1-SignalInjection,CSPM,scenarios/cspm/  (proposed),Cloud-Native,LEAD,MTTD,Qualitative pass,Cortex Cloud Posture Dashboard + REST API,Validate Supply Chain Risk Catalog — Centralized catalog of all supply chain components with risk scoring
TC-SCS-05,UC-SCS,F1-SignalInjection,CSPM,scenarios/cspm/  (proposed),Cloud-Native,LEAD,MTTD,Qualitative pass,Cortex Cloud Posture Dashboard + REST API,"Validate Container Image Scanning — Container images scanned in registries (ECR, ACR, GCR, DockerHub) and at runtime"
TC-CITH-01,UC-CITH,F1-SignalInjection,ANALYTICS,scenarios/multi_plane/,Table Stakes,PARITY,MTTD,Qualitative pass,XSIAM UI + XQL · Cortex Cloud Posture Dashboard + REST API,Validate Cloud Exploit Prevention — Cortex Agent prevents exploitation of known and unknown vulnerabilities on cloud wor
TC-CITH-02,UC-CITH,F1-SignalInjection,ANALYTICS,scenarios/multi_plane/,Table Stakes,PARITY,MTTD,Qualitative pass,XSIAM UI + XQL · Cortex Cloud Runtime Alerts + /api/v1/alerts,"Validate Cloud Malware Detection & Response — Known and unknown malware detected on cloud workloads via static analysis,"
TC-CITH-03,UC-CITH,F2-CausalityStitching,ANALYTICS,scenarios/multi_plane/,Table Stakes,PARITY,Causality Chain Completeness,Qualitative pass,XSIAM UI + XQL · Cortex Cloud Runtime Alerts + /api/v1/alerts,Validate Behavioral IOC Detection (BIOC) — BIOC alerts include full causality context
TC-CITH-04,UC-CITH,F1-SignalInjection,ANALYTICS,scenarios/multi_plane/,Cloud-Native,PARITY,MTTD,Qualitative pass,XSIAM UI + XQL · Cortex Cloud Runtime Alerts + /api/v1/alerts,Validate AI Runtime Security Analytics — AI-powered runtime analytics detect anomalous cloud workload behavior without s
TC-CITH-05,UC-CITH,F1-SignalInjection,ANALYTICS,scenarios/multi_plane/,Table Stakes,PARITY,MTTD,within 5 min,XSIAM UI + XQL · Cortex Cloud Posture Dashboard + REST API,Validate WildFire Intelligence & Sandbox — WildFire verdicts propagate to all Cortex Cloud agents within 5 minutes
TC-CITH-06,UC-CITH,F1-SignalInjection,ANALYTICS,scenarios/multi_plane/,Table Stakes,PARITY,MTTD,Qualitative pass,XSIAM UI + XQL · Cortex Cloud Posture Dashboard + REST API,Validate Cloud Ransomware Prevention — Ransomware-specific detection and prevention across cloud workloads
TC-CITH-07,UC-CITH,F2-CausalityStitching,ANALYTICS,scenarios/multi_plane/,AI-Native,MOAT,Cross-Source Correlation Rate,>80%,XSIAM Incidents (XQL: dataset=incidents) · Cortex Cloud Posture Dashboard + REST API,Demonstrate AI-Powered Alert Stitching — alert-to-incident ratio demonstrates >80% noise reduction
TC-CITH-08,UC-CITH,F2-CausalityStitching,ANALYTICS,scenarios/multi_plane/,Platform,PARITY,Causality Chain Completeness,Qualitative pass,XSIAM UI + XQL · Cortex Cloud Posture Dashboard + REST API,Validate Root Cause Analysis & Cross-Data Insights — Causality view reconstructs complete attack chain from initial acce
TC-CITH-09,UC-CITH,F3-AssetDiscovery,ANALYTICS,scenarios/multi_plane/,Table Stakes,PARITY,Discovery Latency,Qualitative pass,XQL query engine (/public_api/v1/xql/start_xql_query) · Cortex Cloud Posture Dashboard + REST API,"Validate Cloud Investigation Query Language — XQL/RQL queries execute across cloud telemetry (CloudTrail, VPC Flow, runt"
TC-CMTTD-01,UC-CMTTD,F8-IntegrationIngestion,CSPM,scenarios/cspm/  (proposed),Table Stakes,PARITY,Completeness %,Qualitative pass,XSIAM UI + XQL · Cortex Cloud Posture Dashboard + REST API,"Validate EDR Telemetry Completeness — Complete process, file, registry, network, and cloud API event telemetry captured "
TC-CMTTD-02,UC-CMTTD,F1-SignalInjection,CSPM,scenarios/cspm/  (proposed),Table Stakes,PARITY,False Positive Rate,<5%,XSIAM UI + XQL · Cortex Cloud Runtime Alerts + /api/v1/alerts,Validate Detection Rule Accuracy — false positive rate <5% on production-representative test data
TC-CMTTD-03,UC-CMTTD,F2-CausalityStitching,CSPM,scenarios/cspm/  (proposed),Table Stakes,PARITY,Cross-Source Correlation Rate,Qualitative pass,XSIAM UI + XQL · Cortex Cloud Posture Dashboard + REST API,Validate User & Entity Behavior Analytics (UEBA) — UEBA baselines normal behavior for cloud identities and workloads
TC-CMTTD-04,UC-CMTTD,F4-PostureCompliance,CSPM,scenarios/cspm/  (proposed),Table Stakes,PARITY,Coverage %,Qualitative pass,XSIAM UI + XQL · Cortex Cloud Runtime Alerts + /api/v1/alerts,Validate Retroactive Detection Coverage — retroactive scan covers full retention window
TC-CMTTR-01,UC-CMTTR,F2-CausalityStitching,CSPM,scenarios/cspm/  (proposed),Platform,LEAD,Causality Chain Completeness,Qualitative pass,Cortex Cloud Posture Dashboard + REST API,Validate Causality View Investigation — Complete attack causality chain visualized from initial access through impact
TC-CMTTR-02,UC-CMTTR,F4-PostureCompliance,CSPM,scenarios/cspm/  (proposed),Table Stakes,LEAD,Coverage %,Qualitative pass,Cortex Cloud Posture Dashboard + REST API,Validate MITRE ATT&CK Mapping Accuracy — coverage heat map reflects detection portfolio across all ATT&CK stages
TC-CMTTR-03,UC-CMTTR,F1-SignalInjection,CSPM,scenarios/cspm/  (proposed),Table Stakes,LEAD,MTTD,Qualitative pass,Cortex Cloud Posture Dashboard + REST API,Validate Ad-Hoc Query Investigation — Investigators run ad-hoc queries across all cloud telemetry with interactive respo
TC-CMTTR-04,UC-CMTTR,F3-AssetDiscovery,CSPM,scenarios/cspm/  (proposed),Table Stakes,LEAD,Discovery Latency,Qualitative pass,Cortex Cloud Posture Dashboard + REST API,Validate Live Terminal Remote Access — remote investigation commands execute with full audit trail
TC-CMTTR-05,UC-CMTTR,F1-SignalInjection,CSPM,scenarios/cspm/  (proposed),Table Stakes,LEAD,MTTD,Qualitative pass,Cortex Cloud Posture Dashboard + REST API,Validate Search & Destroy Across Hosts — File hash/path search executes across entire managed cloud fleet
TC-CMTTR-06,UC-CMTTR,F6-ResponseTiming,CSPM,scenarios/cspm/  (proposed),Table Stakes,LEAD,SLA Compliance,<2 min,Cortex Cloud Posture Dashboard + REST API,Validate Host Isolation & Containment — Network isolation of compromised cloud workloads executed within defined SLA (<2
TC-CMTTR-07,UC-CMTTR,F5-AutomationWorkflow,CSPM,scenarios/cspm/  (proposed),Table Stakes,LEAD,Remediation Success Rate,Qualitative pass,Cortex Cloud Posture Dashboard + REST API,Validate Remote Script Execution — Remediation scripts execute remotely on cloud workloads via Cortex Agent
TC-CMTTR-08,UC-CMTTR,F5-AutomationWorkflow,CSPM,scenarios/cspm/  (proposed),Table Stakes,LEAD,Automation Rate,Qualitative pass,Cortex Cloud Posture Dashboard + REST API,Validate Native Response Automation — Automated response playbooks trigger on detection rules
TC-RSER-01,UC-RSER,F1-SignalInjection,CDR,scenarios/cdr/,Cloud-Native,LEAD,MTTD,Qualitative pass,Cortex Cloud Posture Dashboard + REST API,"Validate Cloud-Native Platform Deployment — Cortex Agent deploys to VMs (EC2, Azure VM, GCE), containers (EKS, AKS, GKE,"
TC-RSER-02,UC-RSER,F6-ResponseTiming,CDR,scenarios/cdr/,Table Stakes,LEAD,SLA Compliance,Qualitative pass,Cortex Cloud Posture Dashboard + REST API,"Validate Agent Configuration Management — Agent configurations (prevention mode, logging level, exception rules) managed"
TC-RSER-03,UC-RSER,F4-PostureCompliance,CDR,scenarios/cdr/,Cloud-Native,LEAD,Coverage %,Qualitative pass,Cortex Cloud Posture Dashboard + REST API,"Validate On-Premises Workload Support — Cortex Agent deploys to on-prem workloads (bare metal, VMware, Hyper-V) with sam"
TC-RSER-04,UC-RSER,F1-SignalInjection,CDR,scenarios/cdr/,Table Stakes,LEAD,MTTD,Qualitative pass,Cortex Cloud Posture Dashboard + REST API,Validate Agent Upgrade Process — non-disruptive upgrade with zero endpoint downtime
TC-ASER-05,UC-ASER,F6-ResponseTiming,CSPM,scenarios/cspm/  (proposed),Cloud-Native,LEAD,MTTR,Qualitative pass,Cortex Cloud Posture Dashboard + REST API,"Validate AppSec Reporting & Metrics — AppSec dashboard shows aggregate finding trends, MTTR for security findings, and d"
TC-RSER-06,UC-RSER,F3-AssetDiscovery,CDR,scenarios/cdr/,Table Stakes,LEAD,Asset Discovery Coverage,Qualitative pass,Cortex Cloud Inventory (/api/v1/inventory),Validate Host Inventory & Coverage Analysis — Centralized host inventory shows all managed + unmanaged cloud workloads
TC-WAAS-01,UC-WAAS,F3-AssetDiscovery,CDR,scenarios/cdr/,Table Stakes,MOAT,Asset Discovery Coverage,Qualitative pass,Cortex Cloud Inventory (/api/v1/inventory),"Validate API Discovery & Inventory — APIs discovered across cloud-native applications (API Gateway, ALB, Kubernetes Ingr"
TC-WAAS-02,UC-WAAS,F1-SignalInjection,CDR,scenarios/cdr/,Table Stakes,MOAT,MTTD,Qualitative pass,Cortex Cloud Posture Dashboard + REST API,Validate API Endpoint Security Assessment — API endpoints assessed for OWASP API Top 10 risks
TC-WAAS-03,UC-WAAS,F1-SignalInjection,CDR,scenarios/cdr/,Table Stakes,MOAT,MTTD,Qualitative pass,Cortex Cloud Runtime Alerts + /api/v1/alerts,Validate Web Application Threat Detection — OWASP Top 10 web attacks detected with accurate classification
TC-WAAS-04,UC-WAAS,F1-SignalInjection,CDR,scenarios/cdr/,Cloud-Native,MOAT,MTTD,Qualitative pass,Cortex Cloud Runtime Alerts + /api/v1/alerts,Validate Agent-Based Threat Detection (Runtime) — Cortex Agent detects web application attacks at runtime (in-process)
TC-WAAS-05,UC-WAAS,F1-SignalInjection,CDR,scenarios/cdr/,Table Stakes,MOAT,MTTD,<5%,Cortex Cloud Posture Dashboard + REST API,Validate Agent-Based Threat Protection — protection doesn't require signature updates for zero-day exploits
TC-IACS-01,UC-IACS,F1-SignalInjection,CSPM,scenarios/cspm/  (proposed),Cloud-Native,MOAT,MTTD,Qualitative pass,Cortex Cloud Runtime Alerts + /api/v1/alerts,"Validate IaC Misconfiguration Detection — Known misconfigurations detected across Terraform, CloudFormation, Pulumi, ARM"
TC-IACS-02,UC-IACS,F4-PostureCompliance,CSPM,scenarios/cspm/  (proposed),Cloud-Native,MOAT,Coverage %,Qualitative pass,Cortex Cloud Posture Dashboard + REST API,"Validate support for a diverse set of IaC frameworks including Terraform (and modules), Kubernetes, Helm, Dockerfile, et"
TC-SSCAN-02,UC-SSCAN,F4-PostureCompliance,CSPM,scenarios/cspm/  (proposed),Table Stakes,MOAT,Coverage %,Qualitative pass,Cortex Cloud Runtime Alerts + /api/v1/alerts,"Validate Secret Detection Rule Coverage — Detection covers 100+ secret types (cloud provider keys, SaaS tokens, private "
TC-SSCAN-05,UC-SSCAN,F5-AutomationWorkflow,CSPM,scenarios/cspm/  (proposed),Table Stakes,MOAT,Remediation Success Rate,Qualitative pass,Cortex Cloud Posture Dashboard + REST API,Validate Secret Remediation Workflow — Auto-rotation supported for select secret types (AWS keys via IAM API)
TC-SCA-01,UC-SCA,F1-SignalInjection,CSPM,scenarios/cspm/  (proposed),Table Stakes,LEAD,MTTD,Qualitative pass,Cortex Cloud Runtime Alerts + /api/v1/alerts,"Validate Dependency Vulnerability Detection — Known CVEs detected in direct and transitive dependencies across npm, pip,"
TC-SCA-02,UC-SCA,F1-SignalInjection,CSPM,scenarios/cspm/  (proposed),Table Stakes,LEAD,MTTD,Qualitative pass,Cortex Cloud Posture Dashboard + REST API,"Validate Vulnerability Prioritization — Vulnerabilities prioritized by exploitability (EPSS), fix availability, runtime "
TC-SCA-03,UC-SCA,F4-PostureCompliance,CSPM,scenarios/cspm/  (proposed),Table Stakes,LEAD,Compliance Score,Qualitative pass,Cortex Cloud Posture Dashboard + REST API,Validate SBOM Generation & Export — SBOM generated with complete direct + transitive dependency tree
TC-SSCAN-05,UC-SSCAN,F5-AutomationWorkflow,CSPM,scenarios/cspm/  (proposed),Table Stakes,LEAD,Remediation Success Rate,Qualitative pass,Cortex Cloud Posture Dashboard + REST API,Validate Secret Remediation Workflow — Auto-rotation supported for select secret types (AWS keys via IAM API)
TC-SSCAN-01,UC-SSCAN,F1-SignalInjection,CSPM,scenarios/cspm/  (proposed),Table Stakes,MOAT,Detection Accuracy,Qualitative pass,Cortex Cloud Runtime Alerts + /api/v1/alerts,"Validate Secret Detection Accuracy — Planted secrets detected in code, configuration, and IaC files with accurate type c"
TC-SSCAN-02,UC-SSCAN,F4-PostureCompliance,CSPM,scenarios/cspm/  (proposed),Table Stakes,MOAT,Coverage %,Qualitative pass,Cortex Cloud Runtime Alerts + /api/v1/alerts,"Validate Secret Detection Rule Coverage — Detection covers 100+ secret types (cloud provider keys, SaaS tokens, private "
TC-SSCAN-03,UC-SSCAN,F5-AutomationWorkflow,CSPM,scenarios/cspm/  (proposed),Table Stakes,MOAT,Triage Automation Rate,Qualitative pass,Cortex Cloud Posture Dashboard + REST API,"Validate Secret Prioritization & Triage — Secrets prioritized by: exposure scope (public repo vs. private), validity (ac"
TC-SSCAN-04,UC-SSCAN,F1-SignalInjection,CSPM,scenarios/cspm/  (proposed),Table Stakes,MOAT,MTTD,Qualitative pass,Cortex Cloud Posture Dashboard + REST API,Validate Git History Secret Scanning — Full git history scanned for secrets (not just current HEAD)
TC-SSCAN-05,UC-SSCAN,F5-AutomationWorkflow,CSPM,scenarios/cspm/  (proposed),Table Stakes,MOAT,Remediation Success Rate,Qualitative pass,Cortex Cloud Posture Dashboard + REST API,Validate Secret Remediation Workflow — Auto-rotation supported for select secret types (AWS keys via IAM API)
TC-SAST-01,UC-SAST,F1-SignalInjection,CSPM,scenarios/cspm/  (proposed),Table Stakes,MOAT,MTTD,Qualitative pass,Cortex Cloud Posture Dashboard + REST API,Validate Third-Party SAST Ingestion — unified priority view across all scanners
TC-ASER-01,UC-ASER,F3-AssetDiscovery,CSPM,scenarios/cspm/  (proposed),Cloud-Native,MOAT,Asset Discovery Coverage,Qualitative pass,Cortex Cloud Inventory (/api/v1/inventory),"Validate AppDev Asset Inventory — Centralized inventory of all AppDev resources: VCS repos, CI/CD pipelines, container r"
TC-ASER-02,UC-ASER,F1-SignalInjection,CSPM,scenarios/cspm/  (proposed),Cloud-Native,MOAT,MTTD,Qualitative pass,Cortex Cloud Posture Dashboard + REST API,Demonstrate Supply Chain Integration — CI/CD supply chain tools integrated with security scanning at each stage (commit 
TC-ASER-03,UC-ASER,F4-PostureCompliance,CSPM,scenarios/cspm/  (proposed),Table Stakes,MOAT,Compliance Score,Qualitative pass,Cortex Cloud Policies + Alerts view,"Validate Application Security Policy Management — AppSec policies define scanning requirements, severity thresholds, and"
TC-ASER-04,UC-ASER,F4-PostureCompliance,CSPM,scenarios/cspm/  (proposed),Table Stakes,MOAT,Compliance Score,Qualitative pass,Cortex Cloud Posture Dashboard + REST API,"Validate the mapping of security rules to CI/CD compliance frameworks (CIS github, CIS gitlab and the OWASP top 10 CI/CD"
TC-ASER-05,UC-ASER,F6-ResponseTiming,CSPM,scenarios/cspm/  (proposed),Cloud-Native,MOAT,MTTR,Qualitative pass,Cortex Cloud Posture Dashboard + REST API,"Validate AppSec Reporting & Metrics — AppSec dashboard shows aggregate finding trends, MTTR for security findings, and d"
TC-ASER-06,UC-ASER,F5-AutomationWorkflow,CSPM,scenarios/cspm/  (proposed),Table Stakes,MOAT,Remediation Success Rate,Qualitative pass,Cortex Cloud Posture Dashboard + REST API,Validate Security Backlog Baseline — Initial security backlog established across all onboarded applications
TC-DEVX-01,UC-DEVX,F5-AutomationWorkflow,CSPM,scenarios/cspm/  (proposed),Table Stakes,LEAD,Automation Rate,<5 min,Cortex Cloud Posture Dashboard + REST API,Demonstrate Native IDE & VCS Integration — repository onboarding requires <5 min per org
TC-DEVX-02,UC-DEVX,F1-SignalInjection,CSPM,scenarios/cspm/  (proposed),Cloud-Native,LEAD,MTTD,Qualitative pass,Cortex Cloud Posture Dashboard + REST API,Demonstrate IDE Plugin Integration — VS Code / JetBrains plugin surfaces findings in developer context with real-time fe
TC-DEVX-03,UC-DEVX,F4-PostureCompliance,CSPM,scenarios/cspm/  (proposed),Table Stakes,LEAD,Coverage %,Qualitative pass,Cortex Cloud Posture Dashboard + REST API,Validate Branch Scan Coverage — Feature branches scanned automatically on creation/update
TC-DEVX-04,UC-DEVX,F5-AutomationWorkflow,CSPM,scenarios/cspm/  (proposed),Table Stakes,LEAD,Automation Rate,Qualitative pass,Cortex Cloud Posture Dashboard + REST API,Validate Pull Request Security Checks — PR security checks run automatically with configurable pass/fail criteria
TC-DEVX-05,UC-DEVX,F1-SignalInjection,CSPM,scenarios/cspm/  (proposed),Table Stakes,LEAD,MTTD,Qualitative pass,Cortex Cloud Posture Dashboard + REST API,"Demonstrate CI Pipeline Scan Integration — Scanning integrated into CI pipelines (GitHub Actions, Jenkins, GitLab CI) vi"
TC-AGRP-01,UC-AGRP,F1-SignalInjection,CSPM,scenarios/cspm/  (proposed),Table Stakes,MOAT,MTTD,Qualitative pass,Cortex Cloud Posture Dashboard + REST API,Validate Manual Application Grouping — grouped application shows aggregate risk across all components
TC-AGRP-02,UC-AGRP,F1-SignalInjection,CSPM,scenarios/cspm/  (proposed),Table Stakes,MOAT,MTTD,Qualitative pass,Cortex Cloud Posture Dashboard + REST API,"Validate Criteria-Based Application Grouping — Applications auto-grouped based on defined criteria (tags, namespaces, na"
TC-AGRP-03,UC-AGRP,F5-AutomationWorkflow,CSPM,scenarios/cspm/  (proposed),Cloud-Native,MOAT,Automation Rate,Qualitative pass,Cortex Cloud Posture Dashboard + REST API,Demonstrate Code-to-Cloud Application Mapping — Code repository → container image → runtime deployment mapping automated
TC-ASPMC-01,UC-ASPMC,F4-PostureCompliance,CSPM,scenarios/cspm/  (proposed),Table Stakes,MOAT,Coverage %,Qualitative pass,ASPM Command Center (/api/v1/asoc/findings),Validate AppSec Coverage Analysis — ASPM Command Center shows scanning coverage across all onboarded applications
TC-PGE-01,UC-PGE,F5-AutomationWorkflow,CSPM,scenarios/cspm/  (proposed),Table Stakes,LEAD,Automation Rate,Qualitative pass,Cortex Cloud Posture Dashboard + REST API,Demonstrate Platform Integration & API Extensibility — Cortex Cloud REST APIs support automation of common operations (o
TC-PGE-02,UC-PGE,F1-SignalInjection,CSPM,scenarios/cspm/  (proposed),Table Stakes,LEAD,MTTD,Qualitative pass,Cortex Cloud Posture Dashboard + REST API,Validate Data Access Control (RBAC) — admin roles manage full platform configuration
TC-PGE-03,UC-PGE,F5-AutomationWorkflow,CSPM,scenarios/cspm/  (proposed),Table Stakes,LEAD,Automation Rate,Qualitative pass,Cortex Cloud Posture Dashboard + REST API,"Validate User & Group Management with SSO — SSO integration (SAML 2.0, OIDC) with corporate IdP (Okta, Azure AD, Google "
TC-PGE-04,UC-PGE,F4-PostureCompliance,CSPM,scenarios/cspm/  (proposed),Table Stakes,LEAD,Compliance Score,Qualitative pass,Cortex Cloud Posture Dashboard + REST API,"Validate Platform Security Settings — Security settings (session timeout, MFA enforcement, API token rotation, IP allowl"
TC-PGE-05,UC-PGE,F4-PostureCompliance,CSPM,scenarios/cspm/  (proposed),Table Stakes,LEAD,Compliance Score,Qualitative pass,Cortex Cloud Posture Dashboard + REST API,"Validate REST API Functionality — Full CRUD operations available via REST API for assets, findings, policies, and compli"
TC-PGE-06,UC-PGE,F1-SignalInjection,CSPM,scenarios/cspm/  (proposed),AI-Native,LEAD,Detection Accuracy,Qualitative pass,Cortex Cloud Posture Dashboard + REST API,"Validate AI Agentic Assistant — Cortex Cloud Copilot assists with natural language queries, remediation guidance, and in"
TC-PGE-07,UC-PGE,F5-AutomationWorkflow,CSPM,scenarios/cspm/  (proposed),Table Stakes,LEAD,Automation Rate,Qualitative pass,Cortex Cloud Posture Dashboard + REST API,Demonstrate MCP Server Integration — Model Context Protocol (MCP) server enables AI-powered automation workflows
TC-0058,UC-007,F3-AssetDiscovery,CSPM,scenarios/cspm/  (proposed),Table Stakes,PARITY,Asset Discovery Coverage,100%,Cortex Cloud Inventory (/api/v1/inventory),"Validate reimagined Cloud Command Center provides unified visibility across multi-cloud assets, critical risks, and acti"
TC-0059,UC-007,F4-PostureCompliance,CSPM,scenarios/cspm/  (proposed),Table Stakes,PARITY,Control dimension coverage,Qualitative pass,Cortex Cloud Posture Dashboard + REST API,Demonstrate Cloud Command Center executive dashboard provides real-time security posture scoring with trend analysis and
TC-0060,UC-007,F8-IntegrationIngestion,CSPM,scenarios/cspm/  (proposed),Table Stakes,PARITY,Completeness %,80%,Cortex Cloud Posture Dashboard + REST API,Validate AI agent workforce autonomously investigates and resolves cloud security issues within minutes using trained mo
TC-0061,UC-007,F10-QualitativeEvidence,CSPM,scenarios/cspm/  (proposed),Table Stakes,PARITY,Outcome Achieved,within 10 min,Cortex Cloud Posture Dashboard + REST API,"Demonstrate AI agents coordinate cloud-specific response across CSPM, CDR, and CWPP for multi-stage cloud attacks"
TC-0062,UC-007,F8-IntegrationIngestion,CSPM,scenarios/cspm/  (proposed),Table Stakes,PARITY,Deployment time,<2%,Cortex Cloud Runtime Alerts + /api/v1/alerts,Validate performance-optimized CDR agent deploys with one click and provides immediate cloud threat detection without ma
TC-0063,UC-007,F5-AutomationWorkflow,CSPM,scenarios/cspm/  (proposed),Table Stakes,PARITY,Telemetry reduction %,30%,Cortex Cloud Runtime Alerts + /api/v1/alerts,Demonstrate CDR agent performance optimization reduces telemetry noise while maintaining detection fidelity for cloud-na
